,best_test_accuracy,total_training_time,avg_round_duration,best_train_accuracy,avg_local_train_time,rounds,clients,selected
0,0.5486,44.35921621322632,2.217960810661316,0.5595833333333333,1.964333333333333,20,3,3
1,0.861875,43.71636724472046,4.3716367244720455,0.9375,3.9766666666666675,10,6,4
2,0.51085,92.51801013946533,4.625900506973267,0.5432638888888889,4.23325,20,6,6
3,0.91835,95.46525287628174,4.773262643814087,0.9856250000000001,4.0079666666666665,20,6,4
4,0.93095,222.52336192131042,4.450467238426208,0.995763888888889,4.096817142857143,50,6,4
5,0.919275,195.54097986221313,9.777048993110657,0.9775347222222223,9.092416666666665,20,12,10
